{"BankStorage": 94.014375, "HalfPrice": 500000, "BankTime": 1597867694.034066}